"method","scenario","candidate","Fn","Sn","prob_ha","Qn","n_trials","n_impute","build_seconds","replay_seconds","direct_seconds","bank_bytes","bank_power","direct_power","power_difference","combined_mcse","bank_futility","direct_futility","bank_mean_N","direct_mean_N","bank_failures","direct_failures","failed_bank_calculations","package_version","R_version"
"logrank","null",1,0.05,0.85,0.975,1,100,20,1.3,0.0720000000000001,1.103,1962848,0.02,0.01,0.01,0.0171755640373177,0.55,0.54,61.6,64.2,0,0,0,"1.0.0","4.5.3"
"logrank","null",2,0.1,0.85,0.975,1,100,20,1.3,0.0699999999999994,1.074,1962848,0.02,0.01,0.01,0.0171755640373177,0.65,0.72,57,56.8,0,0,0,"1.0.0","4.5.3"
"logrank","null",3,0.05,0.95,0.975,1,100,20,1.3,0.0509999999999993,1.061,1962848,0.01,0.01,0,0.0140712472794703,0.55,0.54,62.4,64.6,0,0,0,"1.0.0","4.5.3"
"logrank","null",4,0.1,0.95,0.975,1,100,20,1.3,0.0499999999999998,0.962999999999999,1962848,0.01,0.01,0,0.0140712472794703,0.65,0.72,57.8,57.2,0,0,0,"1.0.0","4.5.3"
"logrank","null",5,0.05,0.85,0.99,1,100,20,1.3,0.048,1.061,1962848,0.01,0,0.01,0.0099498743710662,0.69,0.64,57.4,61,0,0,0,"1.0.0","4.5.3"
"logrank","null",6,0.1,0.85,0.99,1,100,20,1.3,0.0510000000000002,0.924000000000001,1962848,0.01,0,0.01,0.0099498743710662,0.76,0.82,53.4,53,0,0,0,"1.0.0","4.5.3"
"logrank","null",7,0.05,0.95,0.99,1,100,20,1.3,0.0490000000000013,1.022,1962848,0.01,0,0.01,0.0099498743710662,0.69,0.64,58.2,61.2,0,0,0,"1.0.0","4.5.3"
"logrank","null",8,0.1,0.95,0.99,1,100,20,1.3,0.0510000000000002,0.917,1962848,0.01,0,0.01,0.0099498743710662,0.76,0.82,54.2,53.2,0,0,0,"1.0.0","4.5.3"
"logrank","alternative",1,0.05,0.85,0.975,1,100,20,1.07,0.048,1.103,2388376,0.27,0.29,-0.02,0.0634822809924155,0.21,0.21,68.6,68.8,0,0,0,"1.0.0","4.5.3"
"logrank","alternative",2,0.1,0.85,0.975,1,100,20,1.07,0.0510000000000002,0.997000000000002,2388376,0.25,0.26,-0.01,0.0616360284249399,0.34,0.31,64.6,64.4,0,0,0,"1.0.0","4.5.3"
"logrank","alternative",3,0.05,0.95,0.975,1,100,20,1.07,0.0480000000000018,1.078,2388376,0.28,0.29,-0.00999999999999995,0.0638357266740185,0.21,0.21,70.6,71.4,0,0,0,"1.0.0","4.5.3"
"logrank","alternative",4,0.1,0.95,0.975,1,100,20,1.07,0.0500000000000007,1.017,2388376,0.26,0.26,0,0.0620322496770833,0.34,0.31,66.6,67,0,0,0,"1.0.0","4.5.3"
"logrank","alternative",5,0.05,0.85,0.99,1,100,20,1.07,0.0499999999999972,1.107,2388376,0.16,0.22,-0.06,0.0553172667437573,0.29,0.25,68.6,69.2,0,0,0,"1.0.0","4.5.3"
"logrank","alternative",6,0.1,0.85,0.99,1,100,20,1.07,0.0519999999999996,1.072,2388376,0.16,0.19,-0.03,0.0536935750346352,0.42,0.38,64.8,64,0,0,0,"1.0.0","4.5.3"
"logrank","alternative",7,0.05,0.95,0.99,1,100,20,1.07,0.0489999999999995,1.12,2388376,0.16,0.24,-0.08,0.0562849891178811,0.29,0.25,68.6,70.8,0,0,0,"1.0.0","4.5.3"
"logrank","alternative",8,0.1,0.95,0.99,1,100,20,1.07,0.0509999999999984,1.031,2388376,0.16,0.21,-0.05,0.054799635035281,0.42,0.38,64.8,65.6,0,0,0,"1.0.0","4.5.3"
"bayes-bin","null",1,0.05,0.85,0.975,1,100,20,1.41,0.0510000000000019,1.35,3097192,0.02,0.03,-0.01,0.0220680764907139,0.54,0.48,62.4,65.8,0,0,0,"1.0.0","4.5.3"
"bayes-bin","null",2,0.1,0.85,0.975,1,100,20,1.41,0.0530000000000008,1.265,3097192,0.02,0.02,0,0.0197989898732233,0.66,0.71,57.4,58.4,0,0,0,"1.0.0","4.5.3"
"bayes-bin","null",3,0.05,0.95,0.975,1,100,20,1.41,0.0489999999999995,1.422,3097192,0.01,0.03,-0.02,0.0197484176581315,0.54,0.48,63.4,65.8,0,0,0,"1.0.0","4.5.3"
"bayes-bin","null",4,0.1,0.95,0.975,1,100,20,1.41,0.0499999999999972,1.272,3097192,0.01,0.02,-0.01,0.0171755640373177,0.66,0.71,58.4,58.4,0,0,0,"1.0.0","4.5.3"
"bayes-bin","null",5,0.05,0.85,0.99,1,100,20,1.41,0.0499999999999972,1.313,3097192,0,0.02,-0.02,0.014,0.66,0.69,59.4,59.6,0,0,0,"1.0.0","4.5.3"
"bayes-bin","null",6,0.1,0.85,0.99,1,100,20,1.41,0.0500000000000043,1.16,3097192,0,0.01,-0.01,0.0099498743710662,0.81,0.86,53.6,51.8,0,0,0,"1.0.0","4.5.3"
"bayes-bin","null",7,0.05,0.95,0.99,1,100,20,1.41,0.0499999999999972,1.335,3097192,0,0.02,-0.02,0.014,0.66,0.69,59.4,59.8,0,0,0,"1.0.0","4.5.3"
"bayes-bin","null",8,0.1,0.95,0.99,1,100,20,1.41,0.0489999999999995,1.246,3097192,0,0.01,-0.01,0.0099498743710662,0.81,0.86,53.6,52,0,0,0,"1.0.0","4.5.3"
"bayes-bin","alternative",1,0.05,0.85,0.975,1,100,20,1.328,0.0510000000000019,1.389,3097192,0.21,0.28,-0.07,0.0606217782649107,0.23,0.19,70.2,70.4,0,0,0,"1.0.0","4.5.3"
"bayes-bin","alternative",2,0.1,0.85,0.975,1,100,20,1.328,0.0479999999999947,1.307,3097192,0.21,0.24,-0.03,0.059016946718718,0.32,0.3,67.4,66,0,0,0,"1.0.0","4.5.3"
"bayes-bin","alternative",3,0.05,0.95,0.975,1,100,20,1.328,0.0489999999999995,1.422,3097192,0.22,0.3,-0.08,0.061773780845922,0.23,0.19,70.8,72.8,0,0,0,"1.0.0","4.5.3"
"bayes-bin","alternative",4,0.1,0.95,0.975,1,100,20,1.328,0.054000000000002,1.384,3097192,0.22,0.26,-0.04,0.0603324125159934,0.32,0.3,68,68.4,0,0,0,"1.0.0","4.5.3"
"bayes-bin","alternative",5,0.05,0.85,0.99,1,100,20,1.328,0.0489999999999995,1.637,3097192,0.13,0.17,-0.04,0.0504182506638221,0.32,0.31,68.4,70.2,0,0,0,"1.0.0","4.5.3"
"bayes-bin","alternative",6,0.1,0.85,0.99,1,100,20,1.328,0.0560000000000045,1.386,3097192,0.12,0.14,-0.02,0.0475394572960188,0.4,0.38,65.8,66.2,0,0,0,"1.0.0","4.5.3"
"bayes-bin","alternative",7,0.05,0.95,0.99,1,100,20,1.328,0.0499999999999972,1.43300000000001,3097192,0.14,0.17,-0.03,0.0511370707021824,0.32,0.31,68.8,70.4,0,0,0,"1.0.0","4.5.3"
"bayes-bin","alternative",8,0.1,0.95,0.99,1,100,20,1.328,0.0490000000000066,1.35599999999999,3097192,0.13,0.14,-0.01,0.0483218377133983,0.4,0.38,66.2,66.4,0,0,0,"1.0.0","4.5.3"
